{
  "project_info": {
    "project_number": "756581802351",
    "firebase_url": "https://now-social-firebase.firebaseio.com",
    "project_id": "now-social-firebase",
    "storage_bucket": "now-social-firebase.appspot.com"
  },
  "client": [
    {
      "client_info": {
        "mobilesdk_app_id": "1:756581802351:android:9895646e398d8dfc",
        "android_client_info": {
          "package_name": "com.nowsocial"
        }
      },
      "oauth_client": [
        {
          "client_id": "756581802351-97k5nb1g92mdqjob82t5028i7hg4ou98.apps.googleusercontent.com",
          "client_type": 3
        }
      ],
      "api_key": [
        {
          "current_key": "AIzaSyCFB-WPgZ97x2krJa_wDbFTCteS2YvNLyE"
        }
      ],
      "services": {
        "analytics_service": {
          "status": 1
        },
        "appinvite_service": {
          "status": 1,
          "other_platform_oauth_client": []
        },
        "ads_service": {
          "status": 2
        }
      }
    }
  ],
  "configuration_version": "1"
}