{
  "name": "UDP GELF input on {{ .EnvFiles.Config.GRAYLOG_PORT }}",
  "description": "Adds a global UDP GELF input on port {{ .EnvFiles.Config.GRAYLOG_PORT }}",
  "category": "Inputs",
  "inputs": [
    {
      "title": "udp input",
      "configuration": {
        "override_source": null,
        "recv_buffer_size": 262144,
        "bind_address": "0.0.0.0",
        "port": {{ .EnvFiles.Config.GRAYLOG_PORT }},
        "decompress_size_limit": 8388608
      },
      "static_fields": {},
      "type": "org.graylog2.inputs.gelf.udp.GELFUDPInput",
      "global": true,
      "extractors": []
    }
  ],
  "streams": [],
  "outputs": [],
  "dashboards": [],
  "grok_patterns": []
}